{
    "utterances": [
        {
            "text": "Close the window",
            "entities": [
                {
                    "entity": "window:window",
                    "start": 6,
                    "end": 16,
                    "body": "the window",
                    "entities": []
                },
                {
                    "entity": "close:close",
                    "start": 0,
                    "end": 5,
                    "body": "Close",
                    "entities": []
                }
            ],
            "traits": [],
            "intent": "close_window"
        },
        {
            "text": "Start scan",
            "entities": [
                {
                    "entity": "action:action",
                    "start": 6,
                    "end": 10,
                    "body": "scan",
                    "entities": []
                },
                {
                    "entity": "initiate:initiate",
                    "start": 0,
                    "end": 5,
                    "body": "Start",
                    "entities": []
                }
            ],
            "traits": [],
            "intent": "scanning"
        }
    ]
}
